recursive,dynamic
0,0
0,0
0,0
0,0
0,0
0,0
0,0
0,0
0,0
0,0
0,0
0,0
0,0
0,0
0,0
0,0
0,0
0,0
0,0
0,0
0,0
0,0
0,0
0,0
0,0
0,0
0,0
0,0
0,0
0,0
0,0
0,0
0,0
0,0
0,0
0,0
0,0
0,0
0,0
0,1
0,1
0,1
0,1
1,1
1,1
1,1
1,1
1,1
1,1
1,1
1,1
1,1
1,1
1,1
1,1
1,2
1,2
1,2
1,2
2,2
2,2
2,2
2,2
2,2
2,2
2,2
2,2
2,3
3,3
2,3
2,3
2,3
2,3
3,3
3,3
3,3
3,3
3,4
3,4
3,4
4,4
3,4
4,4
3,4
3,4
4,4
3,4
3,5
3,5
4,5
4,5
4,5
5,5
4,5
5,5
5,6
5,6
4,6
5,6
5,6
5,6
5,7
6,7
6,7
6,7
6,7
6,7
7,7
6,7
6,8
6,8
6,8
6,9
6,8
7,8
6,9
7,9
8,9
7,9
7,9
7,9
10,10
9,10
8,10
8,10
8,11
9,10
8,11
9,11
10,11
11,11
10,11
10,12
9,12
12,12
11,12
11,12
11,13
10,13
13,13
11,13
11,13
12,13
11,14
11,14
12,14
12,14
13,14
11,15
13,15
21,15
12,15
13,16
13,16
13,16
15,16
13,16
14,17
15,17
16,17
15,17
14,18
13,18
17,18
15,18
15,18
15,19
16,19
16,19
17,19
18,20
17,20
16,20
17,20
20,21
18,21
22,21
19,21
20,22
20,22
19,22
17,22
21,23
19,23
20,23
18,23
22,24
21,24
20,24
23,24
22,25
23,25
25,25
24,26
26,26
27,26
25,26
23,26
26,27
27,27
25,27
28,28
27,28
25,28
26,28
25,29
28,29
29,30
29,30
30,30
29,30
29,30
27,31
25,31
29,31
28,32
30,32
32,33
31,33
32,34
29,34
31,34
33,34
33,34
33,35
36,35
34,35
35,35
30,36
32,36
37,36
36,37
36,37
38,38
39,38
38,38
37,38
36,39
37,39
40,39
40,40
40,40
39,40
40,41
38,42
34,41
41,42
38,42
39,43
41,43
40,43
40,43
40,44
40,44
47,46
41,45
45,45
45,46
45,46
44,47
43,47
43,47
46,49
48,49
50,49
48,49
49,49
47,49
45,50
45,50
53,50
48,51
52,51
53,52
48,52
49,52
49,53
45,53
54,54
53,54
53,54
56,55
54,55
57,55
51,56
49,56
52,57
57,57
57,57
53,58
58,58
53,58
53,59
53,59
58,60
61,61
57,61
56,61
58,62
61,62
55,62
55,63
61,63
60,63
60,64
59,64
56,65
51,65
51,65
55,66
58,67
59,68
60,68
61,68
66,69
65,69
61,69
59,69
64,70
63,70
67,71
66,78
64,72
63,72
61,73
60,73
57,74
73,75
65,75
66,75
62,75
72,76
64,76
67,77
70,77
69,77
75,78
76,78
72,79
73,80
73,81
71,81
71,81
70,81
69,83
79,83
75,83
71,84
71,84
71,85
80,86
86,86
81,86
82,87
85,87
81,85
73,85
75,86
80,87
80,88
87,88
82,88
81,89
85,89
76,92
84,90
86,90
90,91
78,92
89,103
81,93
83,93
80,94
81,94
88,95
94,96
90,95
87,96
93,97
91,97
86,98
90,98
91,99
100,102
102,102
103,103
103,103
102,103
149,103
92,104
108,104
101,105
105,106
104,106
104,107
107,109
94,108
95,108
108,109
102,109
110,110
106,111
102,111
117,113
101,114
101,113
112,114
111,114
116,114
114,115
114,115
112,116
104,117
108,118
119,118
123,119
117,119
120,120
119,120
115,121
107,121
112,123
125,122
125,123
116,124
128,124
120,124
126,125
109,126
170,128
125,127
124,128
132,128
128,128
131,130
143,130
119,131
118,134
131,132
127,132
128,133
135,134
133,134
145,135
129,137
118,137
134,138
140,137
135,138
141,138
136,139
131,140
124,140
134,141
137,141
146,142
150,143
141,144
147,144
147,145
127,145
129,146
144,146
144,147
148,148
146,149
138,149
135,151
130,151
129,150
139,152
132,152
150,153
143,154
149,154
153,154
143,155
137,156
143,157
151,157
161,159
144,160
141,159
157,160
146,163
141,162
147,163
139,162
135,163
141,164
133,165
151,166
141,168
153,167
150,167
167,168
154,168
163,169
163,169
171,171
161,172
145,172
156,173
165,174
155,174
167,175
158,175
159,177
152,174
150,175
143,188
163,176
162,176
167,178
166,178
162,189
170,179
154,182
169,181
166,182
174,182
181,183
171,185
169,184
164,185
173,187
177,186
191,187
172,187
171,199
181,189
179,190
159,191
158,191
185,192
179,193
181,193
176,195
191,197
181,195
174,197
173,197
189,198
182,199
196,200
206,201
187,201
192,209
167,202
186,204
194,203
186,209
187,205
192,209
199,207
190,218
183,210
201,221
196,211
190,212
188,213
206,213
193,213
193,214
214,216
187,217
202,216
199,217
206,218
202,219
219,220
214,221
199,222
184,222
220,223
204,224
198,224
215,226
210,226
213,227
201,227
208,229
203,230
214,230
221,230
221,231
227,232
225,232
209,234
214,235
211,235
217,236
224,237
222,237
222,239
223,239
207,241
209,241
230,241
222,242
225,244
234,244
225,245
234,246
220,247
212,249
235,248
237,248
245,249
226,251
226,252
236,251
234,254
226,254
238,254
251,256
239,256
248,257
247,257
234,259
227,261
252,261
236,262
253,262
260,263
241,263
245,264
251,266
231,266
240,266
238,268
238,268
249,270
239,270
248,273
250,272
238,272
258,275
266,276
253,276
241,276
275,279
253,278
246,280
309,280
247,283
262,282
245,283
259,284
255,285
277,285
258,286
252,289
261,287
254,289
415,291
262,290
296,291
260,293
271,302
270,295
259,296
313,296
268,300
277,299
286,298
280,300
267,301
260,300
275,304
260,304
273,303
269,303
265,306
260,309
470,308
268,309
270,310
314,310
300,314
293,312
290,313
298,319
297,315
283,316
381,319
289,317
314,319
305,319
314,320
312,323
293,322
296,324
278,324
304,325
327,327
505,328
301,327
315,329
306,333
279,330
303,339
316,333
316,333
327,335
325,335
335,336
333,338
313,339
297,339
321,341
345,341
320,342
344,344
341,344
318,344
538,347
325,347
339,351
326,349
330,350
324,354
331,352
335,352
317,357
317,355
342,355
356,358
335,358
340,359
347,359
354,361
323,361
306,363
356,363
344,366
343,370
561,376
383,374
394,374
365,377
349,376
383,379
391,380
403,380
478,384
410,385
386,384
348,387
371,385
401,388
449,386
395,389
408,392
402,389
395,392
366,392
585,395
406,397
411,395
429,400
420,399
419,399
424,399
353,401
378,404
428,402
424,403
428,405
413,407
440,420
421,410
434,413
383,419
420,426
414,416
451,416
442,418
619,418
451,418
407,418
430,419
472,420
449,422
423,423
431,424
461,430
461,424
414,426
388,426
432,428
440,434
447,431
402,434
401,433
397,432
426,435
405,435
662,438
429,440
449,443
441,441
440,443
453,437
404,436
409,441
404,438
404,441
432,439
435,446
412,442
395,444
413,446
461,445
405,447
432,448
409,452
410,449
384,453
683,453
428,459
405,454
438,458
444,466
445,462
431,460
442,462
432,462
434,462
424,466
465,464
417,466
439,466
423,467
420,470
420,469
424,473
420,472
434,474
699,473
447,476
516,475
471,479
477,478
450,484
465,480
480,486
463,482
513,490
465,486
449,492
468,487
451,493
453,490
475,496
504,491
498,501
542,505
528,525
526,509
787,530
486,509
553,509
559,509
589,512
531,513
539,515
571,515
500,518
543,522
566,520
525,525
577,529
551,525
561,522
534,525
603,526
555,526
547,527
556,532
811,530
552,534
572,533
591,534
519,535
516,536
577,539
566,538
537,541
563,541
570,543
560,544
516,547
507,546
573,547
557,550
571,550
571,550
592,552
620,555
883,554
521,556
595,557
555,556
579,560
613,560
620,562
620,563
535,566
540,571
599,568
615,569
598,569
607,573
610,572
622,573
567,574
558,574
627,577
611,580
665,579
937,571
556,571
576,581
532,577
553,575
574,577
619,577
571,580
576,592
612,581
608,587
568,586
579,585
548,593
617,587
612,589
581,589
563,592
608,595
548,594
942,595
586,596
570,598
599,599
610,607
669,613
660,614
641,618
602,617
664,620
661,624
657,620
678,625
644,623
683,626
641,625
616,630
637,628
601,628
644,631
621,632
972,632
670,633
667,636
648,638
716,639
675,640
710,641
687,643
670,645
676,649
637,645
670,647
685,649
680,649
667,653
634,678
786,679
647,658
620,686
648,658
1091,660
720,686
687,662
672,665
721,664
714,696
672,668
677,669
732,671
728,671
704,673
698,673
703,677
693,677
690,684
673,680
688,683
688,682
666,684
661,683
659,688
1139,691
681,687
713,689
736,695
780,692
808,706
821,701
774,705
754,701
697,699
705,703
743,705
771,707
747,704
734,708
821,709
776,710
724,711
728,713
742,716
1246,716
797,714
802,717
782,717
798,721
795,723
716,727
773,727
800,728
799,727
796,729
822,737
832,730
745,733
778,737
784,740
798,739
832,738
832,743
801,745
886,748
1196,749
872,748
842,753
800,753
819,758
866,753
916,755
871,756
874,755
756,762
829,761
839,768
801,762
877,765
845,767
835,770
773,768
778,770
891,776
850,775
1268,778
868,777
820,777
829,779
921,784
892,782
870,786
856,784
881,783
883,788
834,790
840,795
832,798
819,794
880,795
854,799
868,796
894,799
964,804
923,803
883,800
1232,802
868,806
957,807
917,808
867,818
895,812
889,815
884,812
840,815
899,819
902,820
955,824
921,828
938,827
898,823
810,824
864,827
908,832
902,830
914,834
1339,837
911,837
1101,844
909,839
850,839
949,838
956,841
960,844
1027,845
958,852
936,849
838,856
898,851
1130,851
944,853
944,855
945,859
884,860
906,865
840,864
820,865
1375,871
943,870
1041,870
926,869
973,873
1028,872
950,881
929,875
996,878
989,878
1050,881
1065,882
969,889
911,886
923,890
919,892
914,892
899,890
902,896
938,899
1490,893
955,893
933,905
934,899
1007,904
957,902
993,906
1047,908
1005,923
1010,912
1225,925
904,916
1043,917
1032,922
999,927
984,930
949,926
917,926
884,922
935,925
962,915
1456,924
1088,918
1056,926
992,921
1003,932
946,928
925,929
1019,936
1057,929
999,934
1053,933
1089,932
1009,936
896,936
950,935
1017,937
995,939
1011,940
1117,943
1009,944
1558,946
1029,949
971,948
1007,952
1025,951
1067,955
1024,954
1037,959
1042,959
1038,960
1274,962
1060,963
1005,965
1061,965
1072,972
1140,968
1049,972
1174,984
986,977
1146,991
1166,997
1757,993
1184,994
1153,997
1107,1001
1065,1002
1057,1008
1152,1011
1156,1006
1176,1008
1149,1012
1130,1013
1114,1018
1091,1017
1100,1018
1127,1022
1212,1021
1221,1015
1156,1020
1184,1028
1223,1029
1741,1042
1132,1032
1173,1030
1212,1032
1243,1030
1165,1036
1198,1036
1180,1041
1079,1044
1194,1045
1243,1049
1143,1059
1218,1055
1181,1051
1153,1053
1252,1055
1165,1056
1115,1061
1370,1064
1298,1062
1259,1061
1722,1066
1234,1068
1198,1070
1251,1069
1113,1072
1249,1070
1244,1072
1241,1074
1250,1082
1315,1081
1290,1089
1182,1082
1288,1092
1269,1085
1190,1079
1171,1077
1382,1081
1307,1089
1182,1079
1208,1081
1780,1100
1235,1085
1257,1087
1232,1088
1268,1092
1182,1093
1262,1095
1181,1098
1147,1100
1304,1112
1277,1100
1256,1105
1202,1101
1210,1116
1293,1123
1291,1126
1210,1137
1215,1129
1304,1132
1242,1130
1226,1132
1853,1142
1361,1138
1198,1126
1274,1137
1286,1144
1267,1133
1287,1130
1239,1132
1244,1132
1256,1147
1170,1139
1260,1138
1162,1141
1309,1143
1350,1146
1398,1150
1266,1146
1161,1146
1209,1153
1142,1153
1932,1153
1259,1155
1284,1160
1286,1159
1471,1159
1671,1163
1256,1165
1213,1171
1312,1171
1289,1167
1221,1174
1360,1177
1213,1174
1282,1176
1318,1180
1421,1185
1284,1184
1282,1188
1271,1185
1282,1187
1281,1188
1862,1190
1342,1192
1246,1194
1387,1193
1398,1198
1431,1200
1360,1199
1411,1203
1317,1210
1399,1207
1312,1210
1346,1211
1413,1215
1345,1217
1369,1213
1327,1220
1395,1221
1354,1220
1247,1222
1400,1225
2040,1228
1310,1234
1399,1228
1407,1228
1414,1234
1310,1237
1347,1236
1391,1241
1337,1242
1450,1239
1464,1245
1448,1245
1404,1246
1384,1253
1480,1251
1513,1257
1402,1256
1373,1275
1528,1275
1525,1281
1529,1280
2302,1288
1503,1282
1552,1289
1557,1289
1518,1293
1578,1295
1581,1296
1544,1303
1564,1297
1390,1300
1651,1302
1531,1302
1721,1312
1595,1305
1573,1314
1567,1312
1415,1319
1509,1318
1557,1315
1656,1321
2227,1306
1483,1305
1486,1305
1526,1307
1428,1311
1795,1315
1504,1314
1504,1313
1592,1322
1502,1316
1572,1323
1590,1319
1539,1326
1534,1326
1608,1328
1516,1349
1762,1354
1691,1359
1657,1356
1681,1357
2318,1359
1583,1357
1727,1362
1696,1361
1790,1367
1717,1366
1674,1371
1632,1379
1640,1371
1582,1377
1664,1376
1753,1379
1684,1382
1575,1373
1586,1365
1600,1379
1525,1373
1451,1383
1661,1372
1671,1372
1672,1374
2278,1375
1768,1380
1676,1380
1548,1389
1496,1388
1623,1385
1577,1388
1612,1388
1606,1392
1649,1394
1576,1395
1667,1397
1526,1398
1639,1397
1581,1404
1581,1401
1555,1410
1590,1408
1708,1410
1641,1411
2297,1417
1652,1416
1761,1418
1700,1420
1686,1419
1792,1425
1684,1426
1616,1429
2040,1432
1593,1429
1623,1433
1721,1433
1790,1437
1666,1439
1709,1442
1639,1444
1637,1449
1783,1444
1657,1449
1613,1451
1767,1455
2342,1460
1747,1458
1766,1456
1713,1460
1676,1463
1699,1465
1704,1480
2002,1482
1779,1481
1714,1476
1736,1478
1687,1487
1717,1477
1705,1494
1633,1485
1695,1487
1792,1491
2287,1493
1854,1489
1657,1496
2485,1499
1842,1497
1758,1503
1815,1507
1793,1502
1825,1516
1774,1514
1829,1506
1914,1516
2029,1522
1813,1516
1841,1518
1778,1524
1886,1523
1721,1523
1823,1523
1801,1528
1806,1528
1790,1531
1899,1533
1743,1534
2743,1533
1776,1537
1814,1539
1922,1541
1864,1546
1880,1548
1840,1553
1935,1550
1825,1552
1836,1560
1763,1557
1930,1557
2074,1564
1937,1561
1943,1562
2069,1573
1899,1573
1922,1573
1813,1577
2094,1583
2532,1579
1911,1584
1883,1582
1994,1586
1903,1589
1987,1589
1839,1591
1890,1594
1949,1600
2040,1600
2031,1603
2038,1603
2277,1605
1914,1610
1894,1614
1934,1605
1860,1610
2027,1614
1946,1618
2175,1616
2053,1620
2733,1620
1869,1622
1974,1630
1909,1633
1988,1630
1988,1633
1904,1634
1919,1640
2080,1642
1925,1641
1975,1641
2036,1647
2197,1649
2003,1651
2080,1656
2091,1654
1954,1655
2126,1657
2117,1659
2002,1662
2672,1663
2000,1665
2242,1666
2014,1667
1964,1669
2082,1673
2125,1673
2225,1676
2049,1680
2001,1681
2043,1687
2077,1691
2063,1686
2000,1689
2041,1696
2124,1693
2108,1701
2032,1703
2010,1702
2175,1704
2330,1705
2927,1707
2189,1712
2062,1713
2141,1712
2087,1713
2200,1714
2295,1720
2134,1720
2051,1727
2361,1730
2033,1728
2111,1731
2162,1736
2302,1748
2168,1742
1938,1744
2261,1743
2194,1749
2166,1750
2147,1741
2940,1749
2257,1752
2325,1754
2086,1762
2167,1758
2156,1761
2310,1763
2188,1762
2232,1767
2186,1772
2125,1771
2197,1773
2128,1779
2271,1776
2727,1783
2094,1779
2176,1785
2118,1780
2174,1787
2163,1795
2217,1793
3124,1798
2242,1801
2365,1806
2381,1799
2290,1806
2321,1804
2150,1806
2092,1812
2240,1822
2270,1817
2572,1820
2242,1819
2314,1820
2290,1829
2285,1835
2241,1831
2283,1829
2257,1838
2368,1832
2319,1841
3090,1837
2398,1849
2384,1844
2602,1848
2388,1866
2407,1849
2337,1854
2423,1852
2252,1860
2217,1862
2707,1862
2374,1865
2619,1882
2374,1865
2353,1866
2406,1869
2434,1876
2271,1877
2350,1883
2406,1880
2342,1883
3288,1880
2361,1888
2602,1930
2653,1954
2885,1930
2417,1922
2442,1932
2553,1929
2709,1928
2663,1936
2448,1908
2457,1916
2446,1920
2310,1918
2497,1917
2537,1924
2383,1917
2447,1927
2630,1927
2554,1931
3179,1932
2475,1939
2750,1934
2518,1938
2477,1939
2553,1941
2461,1947
2664,1949
2419,1947
2406,1954
2835,1954
2465,1952
2494,1960
2552,1960
2531,1969
2488,1965
2440,1966
2513,1970
2551,1968
2528,1970
2441,1971
3759,1976
2467,1978
2598,1987
2396,1980
2503,1985
2771,1983
2625,1988
2555,1991
2534,1992
2715,1996
2560,2006
2607,2002
2646,2006
2670,2008
2620,2010
2821,2018
2612,2022
2982,2016
2786,2022
2840,2020
3475,2027
2707,2028
2985,2035
2680,2037
2798,2037
2649,2034
2597,2039
2605,2035
2620,2045
2780,2041
2602,2044
2902,2047
2901,2050
3262,2052
2926,2054
2903,2060
3027,2091
2783,2095
3537,2093
2868,2065
2751,2101
3769,2102
2867,2113
2839,2112
2761,2113
2763,2126
2778,2087
2880,2088
2850,2087
2755,2085
2696,2087
2809,2095
2698,2095
2658,2099
2816,2100
2741,2101
2781,2115
2766,2109
2877,2113
2968,2120
2712,2117
3668,2122
2865,2124
2849,2165
3012,2162
3010,2164
3142,2212
3139,2167
2815,2220
2862,2179
2882,2185
2996,2182
3075,2189
3263,2185
3126,2154
2774,2160
2906,2167
2776,2194
2949,2222
2846,2204
2871,2178
2886,2181
3866,2175
2672,2169
2732,2173
2831,2173
2914,2179
2938,2178
2945,2184
2825,2185
2994,2186
2902,2191
2744,2203
2782,2197
2847,2199
2946,2199
3035,2205
2876,2209
2809,2211
2743,2214
2849,2215
2882,2256
4164,2252
3064,2259
3198,2281
3344,2273
3081,2269
3162,2266
3004,2275
3105,2304
3400,2296
3336,2297
3430,2313
3187,2288
3444,2283
3273,2251
2938,2279
3182,2262
3134,2270
3050,2260
3124,2266
3124,2265
3107,2271
3972,2313
3197,2275
3056,2281
3092,2303
3537,2378
3518,2318
3237,2314
3303,2323
3270,2368
3591,2365
3362,2362
3418,2377
3344,2331
3434,2340
3429,2342
3401,2339
3286,2343
3301,2342
3280,2353
3854,2353
4316,2358
3843,2354
3377,2356
3372,2366
3456,2358
3110,2367
3184,2346
3400,2349
3310,2355
3222,2346
3154,2353
3213,2351
3190,2354
3295,2356
3023,2357
3292,2354
3532,2390
3257,2393
3584,2394
3410,2403
3497,2386
4269,2385
3320,2391
3255,2401
3350,2379
3455,2412
3358,2387
3236,2387
3425,2401
3413,2394
3215,2397
3302,2395
3345,2399
3259,2404
3220,2408
4029,2411
3296,2409
3327,2418
3206,2419
3707,2420
3227,2424
4235,2423
3525,2426
3288,2430
3351,2433
3267,2436
3221,2448
3398,2436
3312,2441
3525,2447
3760,2446
3397,2444
3456,2449
3231,2457
3393,2461
3381,2460
3422,2459
3284,2461
3533,2463
3357,2464
3872,2471
4244,2469
3512,2470
3418,2488
3568,2478
3421,2479
3510,2496
3517,2485
3354,2486
3388,2496
3343,2497
3528,2497
3520,2507
3665,2502
3278,2499
3782,2512
3262,2508
3397,2512
3437,2520
3641,2520
3552,2520
3198,2523
4340,2521
3542,2524
3699,2527
3632,2540
3410,2536
3864,2601
4057,2582
3855,2591
3921,2561
3522,2555
3505,2560
3506,2567
3724,2559
3469,2560
3805,2562
3410,2572
3549,2562
3588,2566
3736,2570
3715,2575
4769,2579
3582,2578
3513,2580
3841,2581
3601,2591
3629,2583
4225,2584
3664,2594
3804,2594
3546,2597
3602,2605
3564,2614
3699,2612
3780,2615
3650,2614
3507,2624
3644,2618
4031,2623
3668,2624
3697,2635
3782,2637
4422,2633
3650,2637
3834,2638
3660,2645
3652,2650
3845,2647
3797,2649
3816,2657
3840,2662
3693,2659
3613,2663
3753,2662
3763,2662
3953,2665
3846,2669
4018,2679
3754,2678
3531,2685
4379,2678
3703,2682
4992,2685
3992,2688
3980,2706
3949,2697
3942,2695
3959,2698
3650,2701
3719,2718
3819,2707
3928,2713
4141,2713
4026,2733
3789,2714
4136,2718
4073,2721
4055,2723
3990,2730
3937,2732
3997,2729
3824,2741
3926,2734
4850,2738
3990,2741
3876,2741
4016,2749
3989,2751
4145,2751
3990,2758
3999,2752
3794,2759
3822,2787
4125,2776
4058,2772
4058,2779
4124,2774
3940,2792
3919,2787
4143,2784
4688,2804
3842,2803
4377,2832
5267,2846
4703,2855
4424,2840
4210,2867
4235,2883
4149,2828
4236,2816
4110,2811
4227,2826
4227,2813
4399,2818
4055,2821
4312,2828
4219,2828
3982,2830
4214,2834
4203,2837
4074,2843
4584,2899
4336,2894
4385,3016
5925,2895
4755,2903
4482,2918
4515,2906
4315,2892
4534,2886
4424,2872
4623,2874
4408,2868
4143,2884
4170,2876
4071,2876
4365,2882
4220,2885
4204,2888
4253,2888
4039,2908
3831,2900
4406,2943
4544,2911
5144,2925
4911,2955
4731,2953
4860,2964
4301,2954
4507,2973
4486,2992
4240,2929
4713,2945
4441,2944
4257,2942
4365,2942
4313,2948
5439,2946
4364,2947
4550,2966
5277,3004
4899,3003
4652,2958
4269,2966
4178,2960
5156,2971
4279,2978
4481,2980
4379,2993
4807,3034
4728,3029
4725,3033
4616,3051
4597,3070
4734,3069
4836,3081
4838,3049
4673,3055
4757,3051
4673,3017
4286,3067
4614,3059
4462,3065
4441,3063
4336,3068
6330,3069
4613,3073
4874,3076
4990,3081
4647,3079
4760,3071
4491,3063
4593,3048
4620,3088
4566,3058
4706,3062
4571,3059
4493,3066
4619,3125
5090,3126
4653,3071
4536,3077
4706,3081
4890,3080
4421,3081
4478,3093
5236,3093
4521,3098
4960,3095
4586,3096
4739,3097
4612,3101
4790,3104
4650,3109
4798,3118
4571,3119
4664,3111
4638,3128
4796,3123
4723,3121
4823,3172
4715,3174
5082,3179
4821,3191
5081,3182
5177,3175
5970,3198
5388,3219
4758,3215
4874,3191
4867,3195
5721,3257
5082,3203
5223,3211
5009,3203
5482,3211
4954,3175
4750,3185
4774,3186
4774,3179
4733,3187
5091,3190
5038,3188
4935,3188
4800,3195
5294,3201
4924,3201
5642,3209
6101,3203
4973,3211
4823,3207
5065,3211
4622,3217
4993,3223
5174,3224
4899,3225
5044,3233
4999,3231
5002,3233
5048,3237
4908,3260
4673,3253
4985,3242
5165,3248
4899,3248
5020,3253
4977,3256
6180,3268
5003,3261
4883,3261
4946,3268
5526,3268
5219,3268
4932,3283
5029,3276
4840,3273
4860,3296
5403,3380
5506,3343
5397,3355
5783,3352
5640,3373
5452,3359
5462,3365
5417,3364
5051,3353
5190,3327
5235,3357
6028,3315
5116,3323
5083,3334
5294,3363
5409,3343
5840,3344
5057,3342
5041,3350
5060,3345
5432,3358
5189,3359
5336,3364
5127,3363
5119,3363
5237,3374
5088,3382
5380,3376
5485,3374
5526,3380
5224,3384
6201,3384
5232,3402
5322,3391
5286,3404
5679,3395
5306,3400
5435,3406
5296,3425
5453,3494
5629,3494
5909,3492
5806,3509
5815,3473
5735,3486
5839,3497
5822,3528
5572,3477
5231,3472
5396,3489
5516,3508
5047,3444
6400,3449
5723,3462
6234,3454
5420,3456
5532,3464
5455,3471
5616,3473
5420,3480
5656,3472
5382,3486
5449,3476
5486,3482
5212,3482
5492,3485
5820,3536
5900,3587
5873,3545
5696,3550
5461,3567
5263,3549
7921,3590
5959,3549
6231,3589
5752,3572
5586,3526
5760,3526
5842,3543
5578,3538
5356,3542
5479,3546
6100,3603
6682,3601
5995,3596
6268,3617
6152,3630
5950,3616
5738,3602
5927,3603
5307,3603
5793,3606
5867,3613
6802,3620
5729,3610
5643,3659
5869,3580
5974,3588
6208,3582
6928,3598
6713,3653
7041,3647
6347,3648
6069,3659
5791,3629
6254,3662
6296,3666
5958,3614
5650,3619
5713,3613
5976,3656
5758,3637
5669,3630
6738,3650
6359,3757
6186,3677
6386,3690
6584,3696
6308,3700
6376,3716
5952,3704
6124,3718
6106,3733
6104,3708
6184,3719
6473,3718
5859,3729
5796,3745
6667,3737
6309,3731
6526,3732
6263,3730
6231,3743
5847,3711
7102,3728
5895,3708
5804,3711
6189,3748
6347,3769
6452,3778
6405,3759
6128,3768
6438,3768
6011,3787
6433,3798
6296,3783
6403,3785
6288,3792
6406,3802
6227,3786
6406,3793
6354,3800
6432,3818
6259,3807
7663,3808
6640,3810
6701,3811
6157,3782
6211,3783
6149,3792
5981,3794
5973,3839
6496,3836
6291,3834
6669,3846
6929,3850
6651,3922
6433,3848
6340,3853
6476,3860
6189,3858
6392,3876
6498,3867
6359,3849
6521,3894
7376,3831
6716,3839
6151,3857
6379,3839
6258,3855
6104,3857
6364,3866
6307,3862
6275,3854
6889,3876
6280,3865
6401,3863
6300,3876
6489,3883
6628,3881
6144,3877
6138,3881
6041,3883
6743,3934
6409,3895
7686,3895
6709,3947
6568,3964
6928,3950
6194,3961
6792,3946
6409,3940
6530,3916
6564,3914
6274,3929
6510,3924
6204,3934
7364,3930
6498,3936
6333,3934
6354,3941
6421,3942
6254,3950
7066,4032
6740,3992
8222,4011
6529,3976
6552,3991
6749,3983
6468,3972
6612,3973
6657,3971
6574,3972
6341,3982
6366,3985
6344,3984
7275,3985
6657,3993
6522,3998
6646,4005
6535,4000
6444,4007
6450,4007
6330,4007
6603,4020
6847,4011
8999,4019
6748,4024
6816,4033
6597,4039
6500,4030
6890,4038
7000,4142
7114,4095
7269,4112
6718,4102
6567,4049
6885,4049
6869,4050
6573,4067
6468,4060
6660,4064
6644,4067
6484,4139
6388,4083
6693,4077
7657,4077
6992,4091
6764,4094
6823,4100
6781,4098
6879,4104
7068,4106
6797,4124
6921,4234
7265,4194
7454,4226
7699,4172
7073,4160
6876,4172
6793,4132
6931,4138
6693,4140
6688,4142
7466,4215
7005,4156
7164,4151
7949,4154
7189,4152
6702,4152
6902,4162
7058,4165
7366,4174
6659,4175
7726,4256
7601,4243
7509,4267
7374,4259
7895,4281
7647,4280
8022,4259
7561,4282
7284,4217
7030,4232
7114,4224
7023,4224
6830,4235
7860,4235
7116,4224
7509,4224
7811,4244
7092,4247
7117,4248
6993,4249
7459,4254
7051,4267
7093,4252
6905,4265
7534,4258
7189,4260
7761,4270
7034,4282
7828,4336
7777,4329
7730,4382
7346,4357
7884,4352
7251,4344
9332,4365
7443,4343
7031,4325
7461,4337
7386,4310
7464,4315
7390,4313
7701,4328
7535,4322
7227,4335
7410,4333
7418,4331
7566,4336
7748,4345
7330,4439
8161,4352
7248,4355
7018,4354
7354,4357
7381,4366
8282,4367
7560,4394
7414,4426
8111,4434
7685,4422
7424,4436
7447,4379
7523,4417
7993,4499
8721,4457
8196,4462
8271,4446
7415,4408
7462,4409
7429,4420
7528,4421
7285,4433
7713,4429
8062,4433
8099,4431
7511,4441
8620,4439
7527,4458
7878,4512
8149,4525
8095,4523
8481,4515
8042,4518
8023,4524
7786,4536
8159,4499
9225,4497
7849,4477
7943,4496
7574,4482
8164,4520
7533,4535
7939,4615
7703,4538
8458,4505
7434,4504
8655,4511
7739,4503
8319,4513
8162,4585
8131,4571
7897,4562
7876,4548
7933,4531
8033,4543
8313,4561
9722,4545
8628,4552
7738,4551
8106,4565
8160,4558
7911,4561
7919,4564
8567,4577
7662,4570
7524,4605
7580,4576
10309,4588
7929,4574
7846,4587
8161,4585
8430,4656
8761,4671
8639,4713
7840,4614
8423,4618
9094,4615
9698,4615
8868,4617
8186,4631
7707,4621
8128,4623
7954,4634
8221,4639
7691,4642
7938,4644
8372,4644
8978,4642
8191,4722
8269,4654
8074,4658
7780,4668
8168,4676
8249,4664
8206,4682
8682,4678
8323,4694
8473,4694
8202,4691
8180,4694
8115,4746
8841,4806
8207,4703
7974,4698
8010,4722
8295,4712
8080,4722
8243,4722
9373,4732
8738,4719
8739,4731
8212,4720
8232,4748
8170,4748
8346,4739
8009,4749
8398,4763
8385,4745
8453,4758
8351,4754
8252,4773
8500,4771
8107,4775
8323,4774
8179,4782
8305,4772
8321,4819
8400,4782
9171,4800
8200,4784
8143,4788
8384,4793
8262,4802
8630,4811
8488,4805
8777,4911
9195,4902
8984,4831
8560,4822
8571,4813
9818,4837
8362,4825
8393,4844
8298,4848
8689,4857
8672,4859
8491,4852
8332,4864
8566,4873
10473,4857
8484,4864
8430,4870
8568,4878
8655,4894
9130,4883
8340,4884
9024,4892
8304,4887
8478,4888
8376,4890
8465,4932
9473,4993
9148,4961
8525,4918
8758,4921
9556,4916
8660,4921
8994,4925
8588,4920
9569,4930
8442,4927
8670,4941
9268,4944
8890,4948
9028,4956
8794,4971
8641,4961
9214,4965
8590,4976
8846,4982
8715,4978
9083,4986
8990,4981
8924,5000
9533,4987
8870,5004
8769,5008
8506,5007
8794,5004
8989,5006
10044,5010
10119,5017
8977,5015
9659,5022
8882,5050
8792,5030
9090,5027
9000,5041
9228,5051
9537,5239
9320,5053
8844,5074
9228,5157
9288,5184
9364,5156
9373,5084
9490,5106
8772,5065
8861,5082
8888,5086
10305,5072
9403,5081
9252,5091
8876,5101
9366,5159
9491,5117
9266,5269
9830,5129
9731,5112
9125,5114
8869,5130
8938,5120
9479,5123
9108,5119
8962,5138
8957,5175
9758,5251
9739,5163
9813,5246
9497,5163
9360,5155
10718,5159
9411,5172
9390,5175
9546,5183
9290,5186
9485,5173
9581,5176
9342,5199
9264,5191
9046,5197
9357,5212
9260,5205
8936,5199
9429,5220
9420,5199
9468,5221
9343,5210
9045,5306
10161,5303
9027,5236
10466,5311
10581,5234
9376,5248
9621,5257
9902,5251
9726,5256
9663,5256
9599,5263
9506,5260
9090,5284
9299,5267
9450,5274
9391,5283
9995,5291
9808,5296
9708,5289
9423,5307
9929,5291
9478,5310
10117,5350
9665,5311
10969,5304
9727,5310
9784,5413
9403,5326
9637,5349
9827,5321
9740,5331
10177,5326
9709,5336
9862,5354
9601,5341
9709,5398
9710,5351
9613,5360
10357,5366
9944,5356
9712,5372
9588,5370
10234,5462
10113,5379
10779,5380
10150,5476
10141,5391
9849,5408
9979,5401
10216,5413
9735,5404
9812,5412
9845,5404
10191,5414
9696,5432
9845,5414
9924,5425
9625,5430
9774,5447
9779,5445
10265,5542
10531,5486
10221,5446
10230,5446
9782,5470
11829,5456
9669,5595
10052,5478
10653,5478
10153,5482
10097,5557
10225,5496
9802,5513
9897,5510
10111,5598
10371,5571
9981,5504
9986,5505
10391,5519
9913,5518
9766,5523
10147,5530
9928,5525
9940,5524
10351,5536
11241,5543
11108,5598
10205,5555
10373,5684
11253,5677
10836,5690
10844,5725
11031,5764
11044,5699
10881,5712
11014,5675
10688,5618
10644,5618
10261,5612
10370,5700
10743,5684
10665,5686
11154,5615
10709,5631
10883,5630
10428,5649
11796,5632
10033,5641
10354,5649
10454,5646
10730,5653
10523,5657
10660,5655
10477,5663
10683,5675
10202,5672
10865,5753
11030,5752
11962,5760
11417,5756
11219,5770
11868,5780
10615,5722
10262,5717
10512,5713
10646,5718
11441,5711
10988,5734
10761,5721
10833,5724
10819,5752
10912,5755
10784,5747
10813,5749
10679,5739
10406,5749
10353,5756
10409,5770
10539,5754
11524,5770
10337,5762
10610,5767
10512,5772
10764,5801
10852,5788
10469,5787
11325,5795
10618,5794
10917,5795
10886,5800
10948,5815
11201,5828
11145,5807
10958,5840
10806,5811
10671,5821
10647,5832
10448,5824
10855,5830
10694,5844
10750,5846
11287,5845
10480,5851
10759,5861
10466,5857
10837,5865
11178,5862
11771,5864
11040,5876
11246,5890
11204,5883
11064,5901
11092,5894
10938,5896
11231,5888
10986,5902
10977,5905
10951,5902
10711,5928
11586,5957
11858,5943
13133,5937
10825,5920
11453,5930
10734,5949
11000,5932
11228,5928
12342,5948
10958,5940
11247,6056
12084,6042
12057,6099
11771,6081
11965,6117
12087,6103
11882,6106
12359,6088
12356,6097
11879,6080
11994,6095
11809,6146
11619,6093
11788,6087
12111,6090
12505,6088
11980,6111
12405,6146
11271,6071
12278,6054
11305,6040
11751,6109
11627,6105
12322,6088
11716,6083
11950,6076
11351,6072
11615,6080
12253,6122
11408,6125
11471,6118
11833,6139
11839,6118
12399,6093
11827,6107
11646,6095
12300,6095
11629,6125
12116,6105
14083,6181
12320,6208
11957,6138
12015,6159
12148,6200
12186,6190
11374,6171
11572,6221
12377,6182
12076,6172
12117,6188
12556,6184
12343,6169
12026,6176
11497,6212
11665,6225
12290,6249
12335,6233
12332,6230
12317,6248
12455,6242
13248,6253
12094,6256
11845,6246
12099,6278
12497,6265
12241,6232
11909,6259
12525,6246
12380,6238
11695,6255
12053,6252
11840,6252
11839,6263
11820,6257
12452,6253
11847,6282
11855,6263
11919,6277
11454,6289
11676,6283
13232,6280
12659,6386
12811,6390
12816,6374
12934,6399
12113,6366
12462,6370
12210,6355
12517,6376
12409,6344
12480,6328
12329,6339
12355,6378
12316,6422
12330,6420
12754,6407
12606,6376
12527,6355
12211,6389
12138,6369
11761,6376
13156,6498
12988,6384
12419,6394
12462,6391
12976,6399
12977,6412
12391,6392
12489,6400
12168,6420
12347,6504
12542,6471
13055,6561
13743,6535
13357,6502
12751,6496
12907,6461
11779,6444
12203,6459
12121,6505
12351,6522
17775,6544
13409,6506
13115,6534
12690,6480
12619,6468
12309,6488
13392,6482
12771,6496
13235,6528
12405,6485
12878,6564
13226,6501
13503,6514
12639,6554
12647,6512
12909,6508
12601,6523
12498,6521
13025,6534
12206,6530
12781,6549
14120,6633
13742,6613
13770,6569
13098,6576
12901,6571
13001,6564
12739,6573
12609,6565
13100,6600
13222,6641
13192,6616
12888,6597
12997,6584
13056,6586
13517,6668
12911,6670
13338,6626
12893,6602
12689,6646
15193,6630
13923,6652
13312,6682
13647,6677
12814,6632
14583,6631
13217,6634
12801,6629
12715,6658
12985,6645
13111,6652
13869,6666
12933,6650
12704,6665
12861,6677
12896,6671
13226,6683
13135,6749
12842,6677
14689,6842
13397,6751
13026,6703
13567,6709
13270,6701
13235,6717
13260,6713
13136,6706
13674,6816
13235,6735
12889,6719
13455,6736
13106,6728
13416,6743
13466,6737
12908,6804
14498,6868
13068,6778
13394,6759
15089,6877
14557,6848
14326,6889
13642,6881
15165,6882
13566,6881
13841,6922
13448,6861
13515,6817
13927,6837
13658,6852
13535,6834
13595,6848
13028,6845
13579,6850
13309,6866
13486,6848
14267,6866
13700,6869
13299,6863
13503,6878
13176,6861
13245,6869
13494,6903
13267,6886
14268,6881
13438,6895
13666,6900
13290,6918
12838,6898
13466,6909
13501,6925
13459,6914
13743,6917
13453,6929
13381,6926
14686,7053
14010,6931
13342,6933
13695,6944
13170,6941
13855,6947
14155,7042
14291,7036
14241,6986
15066,6957
13934,6985
14230,7080
15714,7026
13600,6990
14691,7070
14202,7108
14649,7080
14687,7095
13948,7091
13906,7094
14491,7100
14362,7103
14245,7101
14231,7100
14160,7060
13871,7097
14445,7087
14013,7089
13828,7115
14029,7101
15195,7133
14389,7126
14462,7106
14525,7127
14217,7113
14241,7120
14192,7151
16835,7130
14295,7141
14499,7139
14160,7149
14498,7147
14409,7180
14344,7177
14531,7178
14162,7204
14088,7163
14505,7192
14913,7200
14280,7221
18030,7197
13995,7185
14271,7185
14093,7201
14703,7189
14511,7213
14392,7207
14140,7201
14337,7216
14662,7266
14688,7266
14529,7256
14086,7224
14618,7228
14161,7233
14068,7252
14502,7242
13903,7248
14236,7253
13653,7222
14175,7253
15180,7240
14597,7244
14853,7246
14542,7251
14611,7267
14672,7261
14676,7270
14808,7272
15172,7409
15261,7311
15267,7296
14393,7302
14023,7291
14654,7287
14516,7302
14621,7288
14486,7326
14276,7314
14553,7292
14430,7311
16429,7316
14516,7326
15216,7430
15544,7412
15684,7411
15363,7442
14851,7363
14604,7356
14287,7380
14501,7362
14793,7364
14922,7375
14867,7445
16228,7482
15659,7491
15147,7512
15682,7717
15656,7487
15369,7502
14699,7406
15416,7527
16625,7478
15404,7536
14700,7429
16974,7538
15315,7453
15202,7440
15188,7480
14859,7452
15224,7474
15066,7469
14681,7473
15054,7493
14896,7476
15473,7493
15555,7492
15471,7500
15039,7496
15471,7509
14921,7523
14774,7516
16656,7526
15196,7513
15525,7514
14855,7523
15236,7525
15281,7546
15012,7530
15208,7545
15112,7539
16350,7546
15552,7661
16384,7644
15711,7574
15209,7559
15660,7676
15708,7677
16460,7691
16148,7593
15007,7619
15504,7610
15401,7602
16449,7621
15090,7608
14899,7620
15685,7630
16245,7615
15490,7742
15677,7622
15491,7641
15618,7642
15585,7665
15348,7652
16145,7654
15745,7651
15332,7655
15413,7675
15329,7665
16070,7816
15526,7776
16263,7811
16210,7827
17816,7705
15762,7789
16577,7716
15575,7712
15339,7697
15647,7836
15936,7837
16512,7833
16434,7762
17090,7841
16150,7763
15899,7766
16365,7761
15988,7745
15649,7770
15802,7769
16075,7888
16512,7887
16148,7800
15221,7895
15589,7877
17708,7824
16461,7870
16688,7961
16629,7900
16971,7874
16857,7862
16718,7883
16412,7845
15615,7831
16459,7923
16772,7933
17135,7877
16878,7868
16309,7908
16823,7920
16159,7925
16693,7897
15648,7881
15752,7902
16228,7896
19441,7959
17300,7905
16354,7927
16271,7914
16774,7940
16466,7928
16534,7955
16558,7955
16404,7957
16654,8007
16449,7987
16670,7978
16244,7964
16460,7988
16508,7962
16527,7996
16024,7989
16144,7999
15968,7994
15825,8033
22800,7996
16281,7986
16303,7978
17013,7982
16500,7991
16815,7985
16367,7999
16813,7996
16668,8017
16220,8000
17167,8034
16901,8019
16788,8031
16563,8018
16215,8032
17342,8146
18095,8078
16776,8056
16237,8053
17649,8164
17889,8174
17593,8153
17429,8132
16650,8101
16674,8155
17816,8126
16810,8087
16405,8126
17786,8289
16859,8112
16216,8099
17003,8097
15953,8116
16695,8118
16858,8180
17149,8205
17258,8252
17690,8167
16950,8187
16860,8134
16741,8166
17868,8157
17183,8167
17094,8180
18596,8266
18182,8314
18131,8322
18300,8294
18666,8313
17369,8216
16619,8195
16922,8200
17556,8255
17654,8289
18269,8293
17568,8264
17148,8297
18005,8337
17016,8247
17282,8256
17083,8243
16994,8262
21084,8309
17456,8275
17057,8262
17032,8276
17568,8357
17465,8361
18358,8346
17506,8299
17328,8349
17855,8328
16844,8368
17757,8390
17524,8326
17603,8333
17246,8383
17953,8380
17725,8390
17424,8395
17358,8370
17816,8335
17770,8351
17672,8344
17874,8353
17725,8355
17707,8374
17674,8359
18378,8373
17822,8371
17905,8386
17477,8381
17082,8395
17566,8390
17951,8417
17341,8411
17287,8422
17368,8496
17985,8447
17630,8420
17308,8440
17915,8425
18322,8581
19421,8536
18313,8491
17709,8465
18134,8465
17458,8455
17683,8525
19113,8577
18074,8514
17550,8483
18059,8494
17608,8487
17309,8494
17713,8505
17500,8495
17647,8508
17842,8514
17229,8522
17702,8513
17590,8533
17366,8529
18629,8531
17936,8536
18640,8549
17753,8542
17943,8559
17048,8558
18016,8575
17901,8576
18174,8592
17967,8579
17531,8597
18031,8595
18292,8624
17803,8621
17606,8629
17990,8604
18086,8633
17825,8609
17890,8635
17501,8634
17932,8660
22735,8635
18419,8644
18415,8741
19123,8803
19250,8661
18217,8674
18340,8671
18138,8678
18115,8674
17829,8691
17803,8687
18515,8701
18261,8694
18224,8713
18120,8711
18287,8723
18179,8709
18408,8723
17827,8709
17796,8733
19288,8718
17821,8740
18267,8728
18652,8739
18477,8752
18466,8767
18632,8896
18654,8792
19307,8766
18689,8786
18232,8777
18372,8784
18288,8789
18366,8806
18122,8797
18258,8910
19860,8950
19378,8829
18321,8823
18169,8814
18488,8826
19735,8812
18995,8842
18639,8827
18690,8861
19106,8844
18690,8857
18909,8843
18142,8885
18695,8850
18453,8877
19144,8933
18571,8876
18726,8881
17958,8955
20035,9035
19806,8944
18408,8895
18544,8910
18741,8901
18953,8916
19643,8897
19667,8921
19151,8914
19169,9152
18985,8996
19180,8977
19678,8975
20555,9130
19779,8971
18381,9053
19953,9185
19919,9171
19840,9172
19606,9091
20008,9146
20252,9093
19184,9028
18975,9016
19186,9044
19243,9168
19552,9217
25340,9155
19908,9093
19952,9087
19665,9068
19166,9087
19050,9071
19354,9096
18980,9084
19864,9103
19150,9087
19037,9115
19410,9097
19151,9091
19503,9194
19518,9201
19934,9250
20328,9201
20033,9158
19219,9108
20014,9328
20739,9141
19498,9155
19845,9135
18991,9157
19116,9163
19366,9171
19471,9175
20213,9281
20179,9310
19810,9283
19546,9228
19818,9203
19254,9229
19477,9215
19771,9228
20181,9229
19716,9231
19629,9229
20175,9248
19134,9248
19065,9246
20832,9240
20296,9236
20057,9268
20596,9346
20746,9398
20481,9425
19588,9299
20159,9271
20182,9291
20164,9275
20715,9296
19857,9306
19248,9290
19582,9439
20842,9337
20778,9481
20631,9474
21677,9501
20240,9349
19766,9332
21200,9335
20871,9353
20207,9369
20450,9365
19882,9378
20279,9378
20848,9382
20612,9373
20173,9390
19614,9393
19581,9393
20353,9413
20364,9397
20187,9424
19723,9397
20263,9487
19820,9415
19850,9419
20120,9409
19938,9440
19793,9417
26220,9424
20913,9446
20223,9499
21192,9567
21086,9484
20195,9465
21083,9562
21590,9469
20250,9486
20290,9488
20010,9510
20014,9491
19872,9522
20407,9507
22597,9700
21876,9648
21497,9612
21393,9677
21237,9637
21102,9566
21697,9571
20888,9648
21757,9686
21179,9653
21102,9588
20934,9582
20835,9589
20392,9576
20739,9601
21936,9633
20966,9602
20304,9624
21003,9611
21050,9638
20598,9625
20446,9639
20785,9641
20584,9632
20581,9749
22727,9783
21570,9676
22293,9650
21160,9661
21395,9670
20602,9671
20934,9700
21355,9671
20974,9700
20978,9687
21062,9719
20990,9705
20697,9825
21376,9743
20348,9694
21004,9707
20920,9699
22033,9788
21478,9757
21209,9713
21987,9736
20225,9723
21884,9736
21265,9731
21246,9740
21055,9749
21000,9750
20837,9774
21268,9753
21658,9906
21441,9904
21533,9820
22444,9814
21217,9780
21247,9815
20802,9795
22287,9967
21701,9961
21548,9858
21447,9837
20741,9821
21086,9853
21069,9836
24826,9849
20982,9843
20425,9847
21585,9882
22214,9854
21026,9884
21760,9874
21161,9887
20861,9895
21894,9893
21124,9921
21698,9910
21530,9919
21293,9919
21262,9908
21133,9934
21015,9926
21537,9960
21265,9938
21157,9957
22998,9947
21685,9944
22885,10157
22502,10185
23452,10207
22128,10041
21631,10011
21799,10047
23714,10010
21882,10026
21948,10034
21494,10036
22157,10049
21626,10028
21234,10060
21639,10048
21571,10043
22272,10077
21442,10042
21695,10054
21368,10063
23383,10064
21940,10096
21783,10095
21939,10121
22020,10098
22481,10119
21489,10120
23012,10181
22075,10150
21998,10132
21459,10149
21861,10174
21891,10142
22624,10163
22194,10174
22618,10172
22099,10187
21702,10176
21529,10176
21466,10165
23309,10174
22672,10168
22739,10174
22606,10189
22398,10165
23487,10189
22419,10204
22792,10194
22476,10224
22605,10211
22239,10218
22359,10245
22152,10224
21774,10256
22435,10221
22686,10408
22812,10262
22273,10236
22608,10243
21610,10244
21758,10243
29028,10268
22476,10246
22771,10256
22599,10278
22942,10278
23144,10294
22503,10284
23577,10301
22095,10306
22446,10307
22666,10322
22667,10328
22146,10318
23012,10347
23776,10562
24123,10473
22802,10361
22731,10475
22350,10370
22368,10346
23715,10504
23886,10500
23167,10360
23330,10382
23101,10417
23050,10407
23234,10570
24143,10544
23828,10442
23024,10456
23086,10430
23311,10458
22824,10476
23237,10442
22977,10469
23112,10460
23326,10469
22954,10491
23351,10476
23020,10500
23848,10512
24359,10509
24223,10527
23529,10496
24421,10639
25177,10656
23840,10530
22850,10518
22877,10539
23119,10533
23515,10544
23367,10554
23018,10535
24136,10553
22809,10548
23447,10690
23091,10575
22659,10555
23114,10580
23095,10591
23479,10569
25141,10600
23470,10581
23521,10584
23028,10605
23208,10584
23559,10651
23619,10624
23606,10605
23001,10645
23211,10641
23358,10613
23152,10656
23242,10639
22906,10651
23638,10667
23290,10657
24639,10764
23220,10682
23569,10673
23761,10698
28079,10712
23260,10917
24377,10711
24561,10687
23709,10688
23616,10715
23393,10698
23659,10709
23878,10750
25300,10956
24663,10763
24065,10775
23751,10751
23506,10782
24133,10793
23822,10781
23760,10807
24321,10795
23743,10776
23976,10798
24239,10788
24803,10781
23472,10827
23714,10795
23608,10807
24006,10823
23973,10810
24439,10828
24311,10843
24410,10824
24106,10848
23837,10849
24091,10860
23837,10875
23673,10860
24101,10868
24900,10902
24272,10889
24381,10903
23859,10921
24081,10918
25651,10906
24842,10928
24063,10899
24386,10926
24119,10936
24363,10921
24093,10970
23930,10984
24791,10961
24538,10982
24677,10991
24658,10956
25034,10985
23792,11001
23925,10978
24325,10998
24435,10989
24467,10991
25494,11022
25358,11023
24381,10998
25549,11013
24771,11205
25239,11254
25696,11256
27494,11086
25276,11075
24721,11096
25561,11093
24623,11073
24534,11116
24875,11123
24714,11096
25206,11129
25020,11133
25106,11124
24942,11255
26258,11237
24745,11142
24741,11149
24163,11161
35570,11200
25223,11160
25148,11166
25547,11152
24780,11155
24898,11203
25343,11185
25279,11174
25307,11218
25333,11188
25309,11182
25950,11222
25523,11222
24608,11207
24698,11226
24909,11214
27742,11219
26341,11237
24774,11356
25421,11232
24852,11265
26004,11311
24913,11267
25990,11294
25415,11282
25155,11273
25450,11363
25190,11322
25182,11290
25112,11306
24933,11318
24801,11281
26090,11462
26209,11414
24954,11306
25100,11311
25504,11337
25018,11329
25254,11332
25429,11359
26174,11328
27435,11411
25910,11365
25390,11363
25688,11353
25794,11402
24746,11417
25163,11417
26402,11405
25995,11417
25762,11439
27702,11688
